query,A,C,D,E,F,G,H,I,K,L,M,N,P,Q,R,S,T,V,W,Y,query_acc
WP_002708735.1,1,0,1,1,2,1,0,1,0,0,0,2,2,1,2,4,1,3,0,0,WP_002708735
WP_004273211.1,1,0,0,2,0,0,0,0,0,2,0,0,1,1,1,1,1,1,0,1,WP_004273211
WP_009894165.1,1,0,0,0,1,0,0,2,0,2,0,0,2,2,0,0,1,0,0,0,WP_009894165
WP_010383055.1,5,1,1,0,2,5,1,3,0,3,0,0,0,1,2,3,6,3,0,1,WP_010383055
WP_010607032.1,0,0,1,2,0,1,1,1,0,1,0,0,0,1,1,3,2,0,0,1,WP_010607032
WP_011604154.1,1,0,2,0,1,0,0,1,0,2,0,2,1,0,2,0,1,2,0,0,WP_011604154
WP_013652855.1,2,1,1,1,0,0,1,1,0,2,0,0,1,1,2,0,0,3,0,1,WP_013652855
WP_015929579.1,2,0,0,0,1,1,0,0,5,0,0,0,0,0,0,0,0,3,0,1,WP_015929579
WP_019503880.1,0,0,0,0,0,0,0,0,0,1,1,2,0,0,0,2,1,0,0,0,WP_019503880
WP_068184797.1,0,0,0,2,1,1,0,1,0,0,0,1,1,0,3,0,2,1,0,1,WP_068184797
WP_095987964.1,2,0,0,0,0,3,0,0,0,3,0,1,0,1,5,2,2,3,1,0,WP_095987964
WP_095989616.1,1,1,0,1,0,0,1,0,0,1,0,0,0,0,1,0,0,2,0,0,WP_095989616
WP_095990905.1,3,0,0,1,1,2,0,0,0,2,0,0,2,1,2,1,1,1,0,1,WP_095990905
WP_100215558.1,1,0,1,2,0,4,0,2,2,3,1,0,0,2,0,4,3,1,0,1,WP_100215558
WP_123583584.1,1,1,1,0,1,1,1,0,0,2,0,0,1,1,1,0,1,1,0,0,WP_123583584
WP_134053402.1,2,0,1,1,1,1,0,0,1,4,0,0,1,0,1,0,1,1,0,0,WP_134053402
